title,Tree cover gain in Misiones, Argentina compared to other areas
threshold,0
unit,ha
page_size,5
confirmed_only,0
glad_l_only,0
glad_s_only,0
radd_only,0
start_day_index,0
end_day_index,na_n
number_of_days,na_n
date_downloaded,2024-07-18
metadata,https://api.resourcewatch.org/v1/gfw-metadata/umd_tree_cover_gain_from_height
link,https://www.globalforestwatch.org/map/country/ARG/14/?mainMap=eyJzaG93QW5hbHlzaXMiOnRydWV9&map=eyJjZW50ZXIiOnsibGF0IjotMjYuODQwNjc2NTczMTQ2NTUsImxuZyI6LTU0LjgyNTc0OTk5OTk4Mzk1NX0sInpvb20iOjYuOTgzMTg5ODQzOTM4NDI3LCJjYW5Cb3VuZCI6ZmFsc2V9&mapMenu=eyJzZWFyY2giOiJtaXNpb25lcyJ9&menu=eyJkYXRhc2V0Q2F0ZWdvcnkiOiJmb3Jlc3RDaGFuZ2UiLCJtZW51U2VjdGlvbiI6ImRhdGFzZXRzIn0%3D